SQL>CREATE TABLE ADMIN_LOGIN(SNO NUMBER(3) PRIMARY KEY,ADMIN_NAME VARCHAR(40) NOT NULL,PASSWORD VARCHAR(8) NOT NULL);
SQL>INSERT INTO ADMIN_LOGIN VALUES(101,’shreya’,’shreya123’);
SQL>INSERT INTO ADMIN_LOGIN VALUES(102,’christy’,’christy123’);
SQL>INSERT INTO ADMIN_LOGIN VALUES(103,’anjali’,’anjali123’);
INSERT INTO ADMIN_LOGIN
  ( SNO, ADMIN_NAME, PASSWORD )
VALUES
  (104,'jay','jay123'), 
  (105,'maddy','maddy123');

SQL>CREATE TABLE COLLEGE_DETAILS(SNO  NUMBER(3),CLG_NAME VARCHAR(40)   NOT  NULL,CITY  VARCHAR(20)  NOT  NULL,FOREIGN KEY(SNO) REFERENCES ADMIN_LOGIN);
SQL>INSERT INTO COLLEGE_DETAILS VALUES(101,’Vidhya Prasad COLLEGE’,’MUMBAI’);
SQL>INSERT INTO COLLEGE_DETAILS VALUES(102,’Venkateshwara COLLEGE’,’CHENAI’);
SQL>INSERT INTO COLLEGE_DETAILS VALUES(103,’Amrita COLLEGE’,’GOA’);
INSERT INTO COLLEGE_DETAILS
  ( SNO,CLG_NAME,CITY)
VALUES
  (104,’BGM COLLEGE’,’KOTTAYAM’),
  (105,’MN COLLEGE’,’BIKANER’);

SQL>CREATE  TABLE STUDENT_REGISTRATION(SNO NUMBER(3),STU_NAME VARCHAR(40) NOT NULL,ADDRESS VARCHAR(40) NOT NULL,CITY VARCHAR(20) NOT NULL,PHONE NUMBER(10) NOT NULL,FOREIGN KEY(SNO) REFERENCES ADMIN_LOGIN;
SQL>INSERT INTO STUDENT_REGISTRATION VALUES(101,’YASH BHORA’,’GINANI’,’BIKANER’,9876548810);
SQL>INSERT INTO STUDENT_REGISTRATION VALUES(102,’SUMAN SONI’,’TILAK NAGAR’,’BIKANER’,9899543210);
SQL>INSERT INTO STUDENT_REGISTRATION VALUES(103,’MANISH SONAL’,’SHIVBARI’,’BIKANER’,9876113210);
INSERT INTO STUDENT_REGISTRATION
  ( SNO,STU_NAME,ADDRESS
  ,CITY,PHONE)
VALUES
  (104,’PRIYA SHARMA’,’SHIVBARI’,’BIKANER’,9876113770),
  (105,’JYOTI SHARMA’,’JNV’,’BIKANER’,9876113200);
  commit;






